{"cameraMode":{"drawMode":2,"name":"Shaded Wireframe","section":"Shading Mode"},"sceneLighting":true,"audioPlay":false,"sceneViewState":{"showFog":true,"showMaterialUpdate":false,"showSkybox":true,"showFlares":true,"showImageEffects":true,"showParticleSystems":true},"in2DMode":false,"pivot":{"x":-18.714879989624025,"y":-45.745819091796878,"z":-65.77717590332031},"rotation":{"x":0.0482640266418457,"y":-0.9481812119483948,"z":0.26027148962020876,"w":0.1757684201002121},"size":53.617713928222659,"orthographic":false}