{"cameraMode":{"drawMode":2,"name":"Shaded Wireframe","section":"Shading Mode"},"sceneLighting":true,"audioPlay":false,"sceneViewState":{"showFog":true,"showMaterialUpdate":false,"showSkybox":true,"showFlares":true,"showImageEffects":true,"showParticleSystems":true},"in2DMode":false,"pivot":{"x":-6.59193229675293,"y":-3.1358985900878908,"z":5.827280521392822},"rotation":{"x":0.20560096204280854,"y":-0.3080218732357025,"z":0.06836185604333878,"w":0.926386296749115},"size":8.231600761413575,"orthographic":false}