{"cameraMode":{"drawMode":0,"name":"Shaded","section":"Shading Mode"},"sceneLighting":true,"audioPlay":false,"sceneViewState":{"showFog":true,"showMaterialUpdate":false,"showSkybox":true,"showFlares":true,"showImageEffects":true,"showParticleSystems":true},"in2DMode":false,"pivot":{"x":0.5447409749031067,"y":0.9461668729782105,"z":0.3868490755558014},"rotation":{"x":0.11031010001897812,"y":-0.8662684559822083,"z":0.21971820294857026,"w":0.43492159247398379},"size":0.9000268578529358,"orthographic":false}