{"cameraMode":{"drawMode":0,"name":"Shaded","section":"Shading Mode"},"sceneLighting":true,"audioPlay":false,"sceneViewState":{"showFog":true,"showMaterialUpdate":false,"showSkybox":true,"showFlares":true,"showImageEffects":true,"showParticleSystems":true},"in2DMode":false,"pivot":{"x":-2.5090067386627199,"y":0.27750304341316225,"z":4.864983081817627},"rotation":{"x":0.17996744811534882,"y":-0.318126916885376,"z":0.06164568290114403,"w":0.9287728071212769},"size":5.138206958770752,"orthographic":false}