{"cameraMode":{"drawMode":0,"name":"Shaded","section":"Shading Mode"},"sceneLighting":false,"audioPlay":false,"sceneViewState":{"showFog":true,"showMaterialUpdate":false,"showSkybox":false,"showFlares":true,"showImageEffects":true,"showParticleSystems":true},"in2DMode":false,"pivot":{"x":-14.741504669189454,"y":8.951701164245606,"z":7.691070556640625},"rotation":{"x":0.11788742244243622,"y":-0.7404402494430542,"z":0.1347372829914093,"w":0.6478411555290222},"size":47.69462585449219,"orthographic":false}