{"cameraMode":{"drawMode":0,"name":"Shaded","section":"Shading Mode"},"sceneLighting":true,"audioPlay":false,"sceneViewState":{"showFog":true,"showMaterialUpdate":false,"showSkybox":false,"showFlares":true,"showImageEffects":true,"showParticleSystems":true},"in2DMode":false,"pivot":{"x":-5.480000019073486,"y":0.2799999713897705,"z":0.0},"rotation":{"x":-0.10744888335466385,"y":-0.8840160965919495,"z":0.24980291724205018,"w":-0.38023680448532107},"size":5.250334739685059,"orthographic":false}