{"cameraMode":{"drawMode":0,"name":"Shaded","section":"Shading Mode"},"sceneLighting":true,"audioPlay":false,"sceneViewState":{"showFog":true,"showMaterialUpdate":false,"showSkybox":true,"showFlares":true,"showImageEffects":true,"showParticleSystems":true},"in2DMode":false,"pivot":{"x":-5.156412124633789,"y":-2.329483985900879,"z":-0.08363628387451172},"rotation":{"x":-0.22825464606285096,"y":0.5269161462783814,"z":-0.1494130939245224,"w":-0.8049516081809998},"size":14.2210054397583,"orthographic":false}