{"cameraMode":{"drawMode":0,"name":"Shaded","section":"Shading Mode"},"sceneLighting":true,"audioPlay":false,"sceneViewState":{"showFog":true,"showMaterialUpdate":false,"showSkybox":true,"showFlares":true,"showImageEffects":true,"showParticleSystems":true},"in2DMode":false,"pivot":{"x":414.7867431640625,"y":13.43722915649414,"z":91.59894561767578},"rotation":{"x":0.2786042392253876,"y":-0.2614859640598297,"z":0.07909595966339112,"w":0.9207828640937805},"size":1.2247449159622193,"orthographic":false}