{"cameraMode":{"drawMode":0,"name":"Shaded","section":"Shading Mode"},"sceneLighting":false,"audioPlay":false,"sceneViewState":{"showFog":true,"showMaterialUpdate":false,"showSkybox":false,"showFlares":true,"showImageEffects":true,"showParticleSystems":true},"in2DMode":false,"pivot":{"x":410.88836669921877,"y":-0.7917861938476563,"z":89.51123046875},"rotation":{"x":0.2658824324607849,"y":0.39849457144737246,"z":-0.12187481671571732,"w":0.8693358302116394},"size":9.599806785583496,"orthographic":false}